{
  "message": "RAVEN: Monday, February 20, 2023 at 07:45AM  - Monday, February 20, 2023 at 07:44AM - Suffering and poverty are complex issues that require a multifaceted approach to address. Solutions to reduce suffering and poverty include increasing access to resources, education, and economic opportunity, as well as promoting political and social stability. This can be done through initiatives such as providing access to basic services, creating job opportunities, and investing in infrastructure. Additionally, reducing inequality and promoting social justice can also help to reduce suffering and poverty. Governments, businesses, and individuals can all play a role in reducing suffering and poverty by investing in initiatives that promote access to resources, education, and economic opportunity. Do you think there are any other solutions to reduce suffering and poverty?",
  "speaker": "RAVEN",
  "time": 1676897122.8825243,
  "timestring": "Monday, February 20, 2023 at 07:45AM ",
  "uuid": "4eb5e6f9-4e98-435f-8db5-f0823832fa7f"
}