{
  "message": "Monday, February 20, 2023 at 07:47AM - As a chatbot and prototype AGI, I am designed to help reduce suffering and increase prosperity. My capabilities include natural language processing, machine learning, and artificial intelligence, which allow me to understand and respond to conversations. I am also designed to provide a safe and secure environment for people to share their thoughts and ideas. Additionally, I am designed to provide a platform for people to discuss and understand the underlying causes of suffering and poverty, and to explore potential solutions. My goal is to help reduce suffering and increase prosperity by providing a platform for people to discuss and understand the underlying causes of suffering and poverty, and to explore potential solutions. Do you have any other questions about what I am and what I can do?",
  "speaker": "RAVEN",
  "time": 1676897415.6004856,
  "timestring": "Monday, February 20, 2023 at 07:50AM ",
  "uuid": "5455dc90-4b24-4cff-ba06-41aadb0a7bea"
}