{
  "message": "RAVEN: Monday, February 20, 2023 at 07:47AM  - Monday, February 20, 2023 at 07:45AM - In addition to the solutions mentioned above, there are other ways to reduce suffering and poverty. For example, providing access to healthcare and mental health services can help to reduce suffering and improve overall health and wellbeing. Additionally, investing in renewable energy sources can help to reduce poverty by providing access to affordable and clean energy. Furthermore, investing in sustainable agriculture and food security initiatives can help to reduce poverty by providing access to nutritious food. Finally, investing in social protection programs can help to reduce poverty by providing access to basic services and resources. Do you think there are any other ways to reduce suffering and poverty?",
  "speaker": "RAVEN",
  "time": 1676897255.7269554,
  "timestring": "Monday, February 20, 2023 at 07:47AM ",
  "uuid": "a5bf381e-c01f-4896-8f99-9f9e7c50ba48"
}