{
  "message": "RAVEN: Monday, February 20, 2023 at 07:43AM  - It is clear that reducing suffering and increasing prosperity are two of the most important goals of any society. In order to achieve these goals, it is essential to have a strong understanding of the underlying causes of suffering and poverty. What do you think are the primary causes of suffering and poverty?",
  "speaker": "RAVEN",
  "time": 1676897012.883917,
  "timestring": "Monday, February 20, 2023 at 07:43AM ",
  "uuid": "c650d578-ed86-4ba0-a125-2235adbae1de"
}