{
  "item": [
    {
      "description": "NEW YORK, NY / ACCESSWIRE / September 2, 2021 / Bernstein Liebhard, a nationally acclaimed investor rights law firm, reminds investors of the deadline to file a lead plaintiff motion in a securities class action lawsuit that has been filed on behalf of investors who purchased or acquired the securities of PayPal Holdings, Inc. (\"PayPal \" or the \"Company\") (NASDAQ:PYPL) from February 9, 2017 through July 28, 2021 (the \"Class Period\").",
      "guid": "491debb9-9636-3f65-b115-a7f9dcf9a4df",
      "link": "https://finance.yahoo.com/news/pypl-filing-deadline-bernstein-liebhard-180000194.html?.tsrc=rss",
      "pubDate": "Thu, 02 Sep 2021 18:00:00 +0000",
      "title": "PYPL FILING DEADLINE: Bernstein Liebhard LLP Reminds Investors of the Deadline to File a Lead Plaintiff Motion in a Securities Class Action Lawsuit Against PayPal Holdings, Inc."
    },
    {
      "description": "LOS ANGELES, CA / ACCESSWIRE / September 2, 2021 / The Schall Law Firm, a national shareholder rights litigation firm, reminds investors of a class action lawsuit against PayPal Holdings, Inc. (\"PayPal\" or \"the Company\") (NASDAQ:PYPL) for violations of §§10(b) and 20(a) of the Securities Exchange Act of 1934 and Rule 10b-5 promulgated thereunder by the U.",
      "guid": "7da54a82-4215-3238-ab90-20e7b35a9759",
      "link": "https://finance.yahoo.com/news/investor-action-notice-schall-law-173000290.html?.tsrc=rss",
      "pubDate": "Thu, 02 Sep 2021 17:30:00 +0000",
      "title": "INVESTOR ACTION NOTICE: The Schall Law Firm Reminds Investors of a Class Action Lawsuit Against PayPal Holdings, Inc. and Encourages Investors with Losses in Excess of $100,000 to Contact the Firm"
    },
    {
      "description": "At PayPal's (NASDAQ: PYPL) investor day earlier this year, CEO Dan Schulman laid out plans for PayPal to become a financial \"super app.\"  The company's already taking its first steps toward developing and registering an investment platform within PayPal called Invest at PayPal, and it could launch next year.  PayPal introduced the ability for U.S. users to buy select cryptocurrencies within its app late last year, and it recently expanded the feature to users in the U.K. It follows in the footsteps of Square, which has been allowing its Cash App users to buy Bitcoin since 2017.",
      "guid": "32084c39-37ea-3e54-bf3d-13b3528cdec8",
      "link": "https://finance.yahoo.com/m/32084c39-37ea-3e54-bf3d-13b3528cdec8/paypal%27s-about-to-take-on.html?.tsrc=rss",
      "pubDate": "Thu, 02 Sep 2021 13:50:00 +0000",
      "title": "PayPal's About to Take On Robinhood"
    },
    {
      "description": "Warren Buffett's conglomerate, Berkshire Hathaway (NYSE: BRK.A) (NYSE: BRK.B), owns a massive stock portfolio worth more than $300 billion.  Coming in second is Bank of America, a huge financial institution serving consumers and corporations all over the world.  This large bank stock has done well for Buffett, easily beating the S&P 500 since Berkshire bought its first stake in 2011.",
      "guid": "0be1de41-5c3e-3a7d-a2f1-89cf74f53560",
      "link": "https://finance.yahoo.com/m/0be1de41-5c3e-3a7d-a2f1-89cf74f53560/buffett%27s-second-biggest.html?.tsrc=rss",
      "pubDate": "Thu, 02 Sep 2021 12:01:00 +0000",
      "title": "Buffett's Second-Biggest Stock Has Nothing on This Growing Juggernaut"
    },
    {
      "description": "A shift to \"buy now, pay later\" installment plans by Millennials and Gen Zers has e-commerce and financial tech firms scrambling.",
      "guid": "dcbf875e-af83-3d85-9426-d44ad4138848",
      "link": "https://finance.yahoo.com/m/dcbf875e-af83-3d85-9426-d44ad4138848/%27buy-now%2C-pay-later%27-consumer.html?.tsrc=rss",
      "pubDate": "Thu, 02 Sep 2021 11:00:30 +0000",
      "title": "'Buy Now, Pay Later' Consumer Financing Takes On Credit Cards"
    },
    {
      "description": "Tech gains are far from over, says one analyst.",
      "guid": "15893b5c-43ef-4c05-8e8b-5ac1ff8e0797",
      "link": "https://finance.yahoo.com/news/the-tech-trade-isnt-done-jeffries-analyst-184209966.html?.tsrc=rss",
      "pubDate": "Thu, 02 Sep 2021 18:42:09 +0000",
      "title": "The tech trade isn't done: Jefferies analyst"
    },
    {
      "description": "Snowflake stock, the biggest software IPO ever, has pulled back. Here is what technical analysis says about buying SNOW stock.",
      "guid": "865263b4-b1ef-3b0a-8bfc-4c3cda1089da",
      "link": "https://finance.yahoo.com/m/865263b4-b1ef-3b0a-8bfc-4c3cda1089da/is-snowflake-stock-a-buy%3F.html?.tsrc=rss",
      "pubDate": "Thu, 02 Sep 2021 15:15:47 +0000",
      "title": "Is Snowflake Stock A Buy? Data Analytics Software Maker Gains Traction With Large Deals"
    },
    {
      "description": "Rising corporate spending on digital transformation projects has boosted CRM stock while Salesforce’s acquisitions raise issues. With the Slack deal closing, merger synergies will be key.",
      "guid": "9944e128-5b78-31bc-8325-c3308553d527",
      "link": "https://finance.yahoo.com/m/9944e128-5b78-31bc-8325-c3308553d527/is-salesforce-stock-a-buy%3F.html?.tsrc=rss",
      "pubDate": "Thu, 02 Sep 2021 15:08:55 +0000",
      "title": "Is Salesforce Stock A Buy? Slack Integration Roadmap Expected At Dreamforce"
    },
    {
      "description": "August was another great month for the stock market, with indexes hitting fresh highs.  The Dow Jones Industrial Average (DJINDICES: ^DJI) has now gained roughly 16% so far in 2021 and several of its members, including Microsoft and American Express, are up over 30% so far.  On the other hand, a few of the Dow's 30 components are flat or even down slightly as we approach the final quarter of the year.",
      "guid": "326245fa-bab3-3e9c-86ad-bce027f9fd04",
      "link": "https://finance.yahoo.com/m/326245fa-bab3-3e9c-86ad-bce027f9fd04/3-flagging-dow-giants-to-buy.html?.tsrc=rss",
      "pubDate": "Thu, 02 Sep 2021 13:10:00 +0000",
      "title": "3 Flagging Dow Giants to Buy Today"
    },
    {
      "description": "(Bloomberg) -- Days before Christmas in 2015, Juniper Networks Inc. alerted users that it had been breached. In a brief statement, the company said it had discovered “unauthorized code” in one of its network security products, allowing hackers to decipher encrypted communications and gain high-level access to customers’ computer systems.Further details were scant, but Juniper made clear the implications were serious: It urged users to download a software update “with the highest priority.”More t",
      "guid": "afeb9ea0-2ac9-304a-97e5-9f9a867bb0de",
      "link": "https://finance.yahoo.com/news/juniper-breach-mystery-starts-clear-130016591.html?.tsrc=rss",
      "pubDate": "Thu, 02 Sep 2021 13:00:16 +0000",
      "title": "Juniper Breach Mystery Starts to Clear With New Details on Hackers and U.S. Role"
    },
    {
      "description": "The software sector is home to many of the best tech stocks to buy or watch, thanks to strong price performance and top fundamentals.",
      "guid": "6fa55a71-2a5c-3c7c-852c-8da7ea2d36ba",
      "link": "https://finance.yahoo.com/m/6fa55a71-2a5c-3c7c-852c-8da7ea2d36ba/these-are-the-5-best-tech.html?.tsrc=rss",
      "pubDate": "Thu, 02 Sep 2021 11:55:29 +0000",
      "title": "These Are The 5 Best Tech Stocks To Buy Or Watch Now"
    },
    {
      "description": "Here's why Facebook, Sony, and Microsoft are great stocks to buy before growth skyrockets in the virtual and augmented reality market.",
      "guid": "64ad9678-3fc2-3711-a68e-78670f7c3986",
      "link": "https://finance.yahoo.com/m/64ad9678-3fc2-3711-a68e-78670f7c3986/3-virtual-and-augmented.html?.tsrc=rss",
      "pubDate": "Thu, 02 Sep 2021 11:47:00 +0000",
      "title": "3 Virtual and Augmented Reality Stocks to Buy Right Now"
    },
    {
      "description": "(Bloomberg) -- When three consultants from Arthur Andersen LLP set out to build a digital payments company at the turn of the millennium, the first institutional backer they found was an Indian state-run lender. This week Prosus NV bought BillDesk for $4.7 billion, netting the trio half-a-billion dollars each for their combined 31% stake.The story of M.N. Srinivasu, Ajay Kaushal and Karthik Ganapathy runs counter to rules in India’s startup textbook. In an age where every funding round is touted",
      "guid": "4f99b898-c34f-3dcb-a4b5-c043b32672ac",
      "link": "https://finance.yahoo.com/news/indian-trio-reap-500-million-060000643.html?.tsrc=rss",
      "pubDate": "Thu, 02 Sep 2021 06:00:00 +0000",
      "title": "Indian Trio Reap $500 Million Each Selling Payments Startup"
    },
    {
      "description": "Microsoft (MSFT) closed at $301.83 in the latest trading session, marking a -0.02% move from the prior day.",
      "guid": "0800b71d-760a-35a5-b4d7-d07ab155e371",
      "link": "https://finance.yahoo.com/news/microsoft-msft-stock-sinks-market-214509075.html?.tsrc=rss",
      "pubDate": "Wed, 01 Sep 2021 21:45:09 +0000",
      "title": "Microsoft (MSFT) Stock Sinks As Market Gains: What You Should Know"
    },
    {
      "description": "In this article, we will be taking a look at 10 tech stocks that pay dividends. To skip our detailed analysis of dividend investing, you can go directly to see the 5 Tech Stocks that Pay Dividends. The technology sector has been, and continues to be, one of the most fast-paced and innovative areas of […]",
      "guid": "77072dfb-e9ba-3b57-a627-c2c0f28c9879",
      "link": "https://finance.yahoo.com/news/10-tech-stocks-pay-dividends-205926135.html?.tsrc=rss",
      "pubDate": "Wed, 01 Sep 2021 20:59:26 +0000",
      "title": "10 Tech Stocks that Pay Dividends"
    },
    {
      "description": "A rebound in Cisco stock is largely tied to corporate spending on information technology as the Covid-19 emergency eases. Cloud computing sales are up but 5G wireless has yet to kick in.",
      "guid": "06dec6a9-65f3-3f56-9ef1-f3b3fa9b6f2c",
      "link": "https://finance.yahoo.com/m/06dec6a9-65f3-3f56-9ef1-f3b3fa9b6f2c/is-cisco-stock-a-buy%3F-analyst.html?.tsrc=rss",
      "pubDate": "Thu, 02 Sep 2021 18:20:02 +0000",
      "title": "Is Cisco Stock A Buy? Analyst Day Slated For Sept. 15 Amid Shift To Software, Services"
    },
    {
      "description": "(Bloomberg) -- Days before Christmas in 2015, Juniper Networks Inc. alerted users that it had been breached. In a brief statement, the company said it had discovered “unauthorized code” in one of its network security products, allowing hackers to decipher encrypted communications and gain high-level access to customers’ computer systems.Further details were scant, but Juniper made clear the implications were serious: It urged users to download a software update “with the highest priority.”More t",
      "guid": "afeb9ea0-2ac9-304a-97e5-9f9a867bb0de",
      "link": "https://finance.yahoo.com/news/juniper-breach-mystery-starts-clear-130016591.html?.tsrc=rss",
      "pubDate": "Thu, 02 Sep 2021 13:00:16 +0000",
      "title": "Juniper Breach Mystery Starts to Clear With New Details on Hackers and U.S. Role"
    },
    {
      "description": "Now that the Cisco Global Problem Solver Challenge 2021 winners have been officially announced, we are excited for you to learn more about each winning team and the story behind each innovation. Th...",
      "guid": "66da858b-1de9-3251-a7d5-6ba8dcc1f523",
      "link": "https://finance.yahoo.com/news/gic-space-meet-team-providing-125107627.html?.tsrc=rss",
      "pubDate": "Thu, 02 Sep 2021 12:51:07 +0000",
      "title": "GIC Space: Meet the Team Providing Access to Breast and Cervical Cancer Care to Women in Sub-Saharan Africa"
    },
    {
      "description": "In this article, we will be taking a look at 10 tech stocks that pay dividends. To skip our detailed analysis of dividend investing, you can go directly to see the 5 Tech Stocks that Pay Dividends. The technology sector has been, and continues to be, one of the most fast-paced and innovative areas of […]",
      "guid": "77072dfb-e9ba-3b57-a627-c2c0f28c9879",
      "link": "https://finance.yahoo.com/news/10-tech-stocks-pay-dividends-205926135.html?.tsrc=rss",
      "pubDate": "Wed, 01 Sep 2021 20:59:26 +0000",
      "title": "10 Tech Stocks that Pay Dividends"
    },
    {
      "description": "Today's Research Daily features new research reports on 16 major stocks, including Mastercard Incorporated (MA), Cisco Systems, Inc. (CSCO), and American Tower Corporation (AMT).",
      "guid": "cc585d97-cd6b-3b46-b0b0-91aad2091f91",
      "link": "https://finance.yahoo.com/news/top-analyst-reports-mastercard-cisco-172705130.html?.tsrc=rss",
      "pubDate": "Wed, 01 Sep 2021 17:27:05 +0000",
      "title": "Top Analyst Reports for Mastercard, Cisco & American Tower"
    },
    {
      "description": "Beyond Meat is navigating a shift in retail strategy and recently launched a pepperoni item with Pizza Hut. Is BYND stock a buy?",
      "guid": "76c945e7-4ce0-306f-882d-62dc7ae869b0",
      "link": "https://finance.yahoo.com/m/76c945e7-4ce0-306f-882d-62dc7ae869b0/is-bynd-stock-a-buy-after.html?.tsrc=rss",
      "pubDate": "Wed, 01 Sep 2021 16:15:58 +0000",
      "title": "Is BYND Stock A Buy After Earnings? Fake-Meat Maker Launches Plant-Based Pepperoni"
    },
    {
      "description": "PepsiCo (PEP) closed at $156.39 in the latest trading session, marking a +0.25% move from the prior day.",
      "guid": "7f59966b-1e81-305d-8edf-5e2900d632c9",
      "link": "https://finance.yahoo.com/news/pepsico-pep-gains-market-dips-215009765.html?.tsrc=rss",
      "pubDate": "Tue, 31 Aug 2021 21:50:09 +0000",
      "title": "PepsiCo (PEP) Gains As Market Dips: What You Should Know"
    },
    {
      "description": "PepsiCo, Inc. (NASDAQ:PEP) today announced Juntos Crecemos, (Together We Grow), a $50 million platform aimed at strengthening Hispanic-owned businesses, specifically restaurants, bodegas and carnicerías (meat markets), addressing foundational business challenges, and supporting business growth over the next five years. Juntos Crecemos is part of PepsiCo's Racial Equality Journey Hispanic Initiative, a $172 million set of commitments launched in October of last year.",
      "guid": "235c2c18-25c1-3222-9bfe-e5ddd3c7588c",
      "link": "https://finance.yahoo.com/news/pepsico-launches-50-million-juntos-130000067.html?.tsrc=rss",
      "pubDate": "Tue, 31 Aug 2021 13:00:00 +0000",
      "title": "PepsiCo Launches $50 Million Juntos Crecemos Platform to Support Hispanic-Owned Businesses Across the U.S."
    },
    {
      "description": "At the height of the pandemic, one in four children were food insecure. Although this number is improving, the ongoing COVID-19 pandemic continues to affect children across the U.S. 1 To support students in underserved communities, Frito-Lay and Feed the Children are kicking off the second year of the \"Building the Future Together\" initiative in eight cities, reaching nearly 1,200 schools with food and essential items.",
      "guid": "b2ed4af9-ecf3-3698-b428-fe825e9c0d80",
      "link": "https://finance.yahoo.com/news/frito-lay-feed-children-critical-120000982.html?.tsrc=rss",
      "pubDate": "Mon, 30 Aug 2021 12:00:00 +0000",
      "title": "Frito-Lay and Feed the Children Provide Critical Food Items to Students throughout 2021-2022 School Year"
    },
    {
      "description": "Investing in the stock market is a fantastic way to build long-term wealth.  While the broader S&P 500 has returned close to 10% annually over time, there are certain individual stocks that provide even more benefit to shareholders in the form of steady and growing dividends.  In addition to the potential for stock price appreciation, Coca-Cola (NYSE: KO), PepsiCo (NASDAQ: PEP), and Starbucks (NASDAQ: SBUX) are three popular food and beverage stocks that dividend fans should seriously consider.",
      "guid": "1c34dbf6-fa83-3c5e-9be3-ef9003e4649a",
      "link": "https://finance.yahoo.com/m/1c34dbf6-fa83-3c5e-9be3-ef9003e4649a/3-food-and-beverage-companies.html?.tsrc=rss",
      "pubDate": "Sun, 29 Aug 2021 14:00:00 +0000",
      "title": "3 Food and Beverage Companies for Dividend Stock Fans"
    },
    {
      "description": "Juniper (JNPR) is committed to bringing an experience-first network to customers through automation and intelligent control.",
      "guid": "59ecba0f-b54b-317d-acda-025c61eaf0dc",
      "link": "https://finance.yahoo.com/news/juniper-jnpr-intel-ink-deal-131601529.html?.tsrc=rss",
      "pubDate": "Thu, 02 Sep 2021 13:16:01 +0000",
      "title": "Juniper (JNPR) and Intel Ink Deal to Boost ORAN Ecosystem"
    },
    {
      "description": "AMD has taken the world of advanced chip technology by storm, with revolutionary CEO Lisa Su transforming this discount semiconductor enterprise into a leading-edge innovator",
      "guid": "d91314f7-359b-39f4-a8fb-cd55b99a61a1",
      "link": "https://finance.yahoo.com/news/bull-day-amd-amd-110011826.html?.tsrc=rss",
      "pubDate": "Thu, 02 Sep 2021 11:00:11 +0000",
      "title": "Bull Of The Day: AMD (AMD)"
    },
    {
      "description": "(Bloomberg) -- Didi Global Inc. is helping workers establish their first union, a groundbreaking decision its fellow tech giants may soon follow as China imposes rules to curb excessive work and protect millions of blue-collar workers from exploitation.The Beijing-based ride-hailing giant announced the creation of the union on an internal forum last week without specifics, according to people familiar with the matter. Didi drivers -- mostly part-time and lacking full employee benefits -- will li",
      "guid": "3e94e49d-7104-3b47-9c02-4a0dcc5b41d0",
      "link": "https://finance.yahoo.com/news/didi-creates-union-setting-precedent-045926450.html?.tsrc=rss",
      "pubDate": "Thu, 02 Sep 2021 00:34:49 +0000",
      "title": "Didi Creates Union, Setting Precedent for Xi’s Worker Agenda"
    },
    {
      "description": "In this article, we will be taking a look at 10 tech stocks that pay dividends. To skip our detailed analysis of dividend investing, you can go directly to see the 5 Tech Stocks that Pay Dividends. The technology sector has been, and continues to be, one of the most fast-paced and innovative areas of […]",
      "guid": "77072dfb-e9ba-3b57-a627-c2c0f28c9879",
      "link": "https://finance.yahoo.com/news/10-tech-stocks-pay-dividends-205926135.html?.tsrc=rss",
      "pubDate": "Wed, 01 Sep 2021 20:59:26 +0000",
      "title": "10 Tech Stocks that Pay Dividends"
    },
    {
      "description": "The tech giant may be planning to roll out computer processors made in-house in laptops and tablets from 2023, according to a report.",
      "guid": "075425ff-8bc1-3784-b818-45e37f2339fb",
      "link": "https://finance.yahoo.com/m/075425ff-8bc1-3784-b818-45e37f2339fb/google-might-design-its-own.html?.tsrc=rss",
      "pubDate": "Wed, 01 Sep 2021 18:57:00 +0000",
      "title": "Google Might Design Its Own Computer Chips — Just Like Apple Did"
    },
    {
      "description": "Cars are getting smarter, and that's a boon for more than just auto makers. Some companies in supporting industries are another way to play the trend with stocks.",
      "guid": "0fa55382-2853-3144-8dcc-4878f927f9d6",
      "link": "https://finance.yahoo.com/m/0fa55382-2853-3144-8dcc-4878f927f9d6/4-stocks-benefiting-from-the.html?.tsrc=rss",
      "pubDate": "Thu, 02 Sep 2021 16:30:00 +0000",
      "title": "4 Stocks Benefiting From the Smartcar Trend"
    },
    {
      "description": "Most of the rally was powered by renewed buying in the high-growth tech giants as tapering fears ease as well as optimism over a sustained economic recovery.",
      "guid": "d175c8a4-0c15-3c68-8399-20a504b68fba",
      "link": "https://finance.yahoo.com/news/5-tech-stocks-leading-latest-140502970.html?.tsrc=rss",
      "pubDate": "Thu, 02 Sep 2021 14:05:02 +0000",
      "title": "5 Tech Stocks Leading the Latest Nasdaq ETF Rally"
    },
    {
      "description": "Nvidia chips power a future of self-driving cars and cloud gaming, while the global semiconductor market is in a supply crunch. Is Nvidia stock a good buy now?",
      "guid": "1cb4b622-924a-3888-8cb3-4531a39b4ebe",
      "link": "https://finance.yahoo.com/m/1cb4b622-924a-3888-8cb3-4531a39b4ebe/is-nvidia-stock-a-buy-after.html?.tsrc=rss",
      "pubDate": "Wed, 01 Sep 2021 12:17:50 +0000",
      "title": "Is Nvidia Stock A Buy After Strong Earnings, Guidance?"
    },
    {
      "description": "The popularity of video games in the United States continues unabated and is set to grow further, making it wise to invest in names like Mattel (MAT), Microsoft (MSFT) and NVIDIA (NVDA).",
      "guid": "bae2a85a-c522-3a04-b6ad-db6d5ea6766d",
      "link": "https://finance.yahoo.com/news/3-stocks-most-continued-demand-110611978.html?.tsrc=rss",
      "pubDate": "Wed, 01 Sep 2021 11:06:11 +0000",
      "title": "3 Stocks to Make the Most of Continued Demand for Video Games"
    },
    {
      "description": "Smart Beta ETF report for PWB",
      "guid": "76ac4c1a-8f52-3380-bafd-c2e7f7dfa89a",
      "link": "https://finance.yahoo.com/news/invesco-dynamic-large-cap-growth-102010244.html?.tsrc=rss",
      "pubDate": "Wed, 01 Sep 2021 10:20:10 +0000",
      "title": "Is Invesco Dynamic Large Cap Growth ETF (PWB) a Strong ETF Right Now?"
    },
    {
      "description": "Shares of Facebook (NASDAQ: FB) were down modestly today after the social media giant was slapped with a $267 million fine by an Irish regulatory agency.  The Data Protection Commission, Ireland's privacy regulator, fined Facebook-owned messaging service WhatsApp $267 million for violating European Union privacy rules about sharing user data with other Facebook-owned properties.  Facebook said it would appeal the decision, saying the penalty was disproportionate to the infraction.",
      "guid": "655016cf-2f83-37a3-8812-5b1552f3f54b",
      "link": "https://finance.yahoo.com/m/655016cf-2f83-37a3-8812-5b1552f3f54b/why-facebook-stock-was.html?.tsrc=rss",
      "pubDate": "Thu, 02 Sep 2021 19:46:05 +0000",
      "title": "Why Facebook Stock Was Slipping Today"
    },
    {
      "description": "Regulators levied a fine of nearly $270 million against the chat business after a probe found it had broken EU data-protection guidelines.",
      "guid": "e9beee15-b5d5-32c7-8a91-42d33ae8c18f",
      "link": "https://finance.yahoo.com/m/e9beee15-b5d5-32c7-8a91-42d33ae8c18f/facebook%E2%80%99s-whatsapp-is-fined.html?.tsrc=rss",
      "pubDate": "Thu, 02 Sep 2021 19:20:00 +0000",
      "title": "Facebook’s WhatsApp Is Fined by European Union for Privacy Violations"
    },
    {
      "description": "Tech gains are far from over, says one analyst.",
      "guid": "15893b5c-43ef-4c05-8e8b-5ac1ff8e0797",
      "link": "https://finance.yahoo.com/news/the-tech-trade-isnt-done-jeffries-analyst-184209966.html?.tsrc=rss",
      "pubDate": "Thu, 02 Sep 2021 18:42:09 +0000",
      "title": "The tech trade isn't done: Jefferies analyst"
    },
    {
      "description": "Ireland's privacy watchdog has fined WhatsApp a record $267 million after an investigation found it breached stringent European Union data protection rules on transparency about sharing people's data with other Facebook companies.",
      "guid": "d8fac5b6-853a-3a83-92a9-b88a7a150bc5",
      "link": "https://finance.yahoo.com/m/d8fac5b6-853a-3a83-92a9-b88a7a150bc5/irish-watchdog-fines.html?.tsrc=rss",
      "pubDate": "Thu, 02 Sep 2021 17:19:00 +0000",
      "title": "Irish watchdog fines Facebook-owned WhatsApp $267 million after privacy breach"
    },
    {
      "description": "Brent Thill, Jefferies Analyst, on the recent rise in tech stocks amid the pandemic.",
      "guid": "cb283cb4-dda1-3ef0-b064-67dd2ea51b69",
      "link": "https://finance.yahoo.com/video/heres-whats-driving-recent-tech-153107492.html?.tsrc=rss",
      "pubDate": "Thu, 02 Sep 2021 15:31:07 +0000",
      "title": "Here's what's driving recent tech gains"
    },
    {
      "description": "(Reuters) -Amazon.com Inc plans to take a more proactive approach to determine what types of content violate its cloud service policies, such as rules against promoting violence, and enforce its removal, according to two sources, a move likely to renew debate about how much power tech companies should have to restrict free speech.  Over the coming months, Amazon will hire a small group of people in its Amazon Web Services (AWS) division to develop expertise and work with outside researchers to monitor for future threats, one of the sources familiar with the matter said.  It could turn Amazon, the leading cloud service provider worldwide with 40% market share according to research firm Gartner, into one of the world's most powerful arbiters of content allowed on the internet, experts say.",
      "guid": "1a0de285-0aa6-3c3c-9692-7f62e0646e15",
      "link": "https://finance.yahoo.com/news/exclusive-amazon-proactively-remove-more-183028404.html?.tsrc=rss",
      "pubDate": "Thu, 02 Sep 2021 18:30:28 +0000",
      "title": "Exclusive-Amazon to proactively remove more content that violates rules from cloud service -sources"
    },
    {
      "description": "Whether you’re looking for software for your phone or laptop, snap up one of these discounts",
      "guid": "fb3a5480-aa2d-39c1-90b8-19c1716da81f",
      "link": "https://www.independent.co.uk/extras/indybest/gadgets-tech/best-vpn-deals-cheap-uk-b1814463.html?.tsrc=rss",
      "pubDate": "Thu, 02 Sep 2021 16:09:48 +0000",
      "title": "VPN deals for September: Pay less for privacy with discounts on ExpressVPN, NordVPN and more"
    },
    {
      "description": "In this article, we will be looking at 25 of the poorest countries in the world. You can skip our detailed breakdown of these countries by heading straight to the 5 poorest countries of the world. The pre-pandemic world had made significant progress to reduce global poverty to almost half by the year 2000. Today […]",
      "guid": "1634111b-997d-3a47-97e1-703a92ff5f11",
      "link": "https://finance.yahoo.com/news/25-poorest-countries-world-160803616.html?.tsrc=rss",
      "pubDate": "Thu, 02 Sep 2021 16:08:03 +0000",
      "title": "25 Poorest Countries in the World"
    },
    {
      "description": "SEATTLE, September 02, 2021--Amazon FSx for NetApp ONTAP is a new service that lets customers run complete, fully managed NetApp ONTAP file systems in the cloud for the first time",
      "guid": "0004b7fe-2d88-37ed-b5b0-40917fafc990",
      "link": "https://finance.yahoo.com/news/aws-announces-general-availability-amazon-155900175.html?.tsrc=rss",
      "pubDate": "Thu, 02 Sep 2021 15:59:00 +0000",
      "title": "AWS Announces General Availability of Amazon FSx for NetApp ONTAP"
    },
    {
      "description": "Brent Thill, Jefferies Analyst, on the recent rise in tech stocks amid the pandemic.",
      "guid": "cb283cb4-dda1-3ef0-b064-67dd2ea51b69",
      "link": "https://finance.yahoo.com/video/heres-whats-driving-recent-tech-153107492.html?.tsrc=rss",
      "pubDate": "Thu, 02 Sep 2021 15:31:07 +0000",
      "title": "Here's what's driving recent tech gains"
    },
    {
      "description": "Snowflake stock, the biggest software IPO ever, has pulled back. Here is what technical analysis says about buying SNOW stock.",
      "guid": "865263b4-b1ef-3b0a-8bfc-4c3cda1089da",
      "link": "https://finance.yahoo.com/m/865263b4-b1ef-3b0a-8bfc-4c3cda1089da/is-snowflake-stock-a-buy%3F.html?.tsrc=rss",
      "pubDate": "Thu, 02 Sep 2021 15:15:47 +0000",
      "title": "Is Snowflake Stock A Buy? Data Analytics Software Maker Gains Traction With Large Deals"
    },
    {
      "description": "IPO Edge and the Palm Beach Hedge Fund Association hosted a fireside chat with the Co-Founders & Co-CEOs of Archer Aviation Inc., which plans to merge with Atlas Crest Investment Corp. (NYSE: ACIC), to discuss Archer’s recently-unveiled Maker aircraft prototype, why there is so much excitement about Urban Air Mobility technology, how Archer thinks about competition […]",
      "guid": "df59c38a-d49a-3331-9274-1d4b81a5be28",
      "link": "https://finance.yahoo.com/news/replay-archer-aviation-ceos-fireside-183842398.html?.tsrc=rss",
      "pubDate": "Thu, 02 Sep 2021 18:38:42 +0000",
      "title": "Replay: Archer Aviation CEOs in Fireside Chat"
    },
    {
      "description": "Is GM stock a buy? Is GM stock a buy? One analyst is voicing doubts that General Motors will be an EV leader, while another sees a Tesla-like multiple.",
      "guid": "609b4789-da16-3547-8bcf-e2fd96ed7b1d",
      "link": "https://finance.yahoo.com/m/609b4789-da16-3547-8bcf-e2fd96ed7b1d/gm-stock-a-buy%3F-is-general.html?.tsrc=rss",
      "pubDate": "Thu, 02 Sep 2021 18:01:14 +0000",
      "title": "GM Stock A Buy? Is General Motors Really Worth Less Than Rivian?"
    },
    {
      "description": "Hundreds of Chinese companies are listed on U.S. markets. But which are the best Chinese stocks to buy or watch right now? Weibo, Sohu, Nio, BYD Co. and Li Auto. China is the world's most-populous nation and the second-largest economy with a booming urban middle class and amazing entrepreneurial activity.",
      "guid": "e074e541-a391-3d14-a74d-dcf58539eb5c",
      "link": "https://finance.yahoo.com/m/e074e541-a391-3d14-a74d-dcf58539eb5c/5-best-chinese-stocks-to-buy.html?.tsrc=rss",
      "pubDate": "Thu, 02 Sep 2021 17:03:54 +0000",
      "title": "5 Best Chinese Stocks To Buy And Watch As Beijing Crackdowns Continue"
    },
    {
      "description": "China EV startup Nio more than doubled Q2 sales, and July sales as well. But Nio stock is selling off.",
      "guid": "12caa8ab-afad-35a9-b56f-5215d7a13942",
      "link": "https://finance.yahoo.com/m/12caa8ab-afad-35a9-b56f-5215d7a13942/is-nio-stock-a-buy-as-china%27s.html?.tsrc=rss",
      "pubDate": "Thu, 02 Sep 2021 16:08:20 +0000",
      "title": "Is Nio Stock A Buy As China's Tesla Plans 3 New EVs In 2022?"
    },
    {
      "description": "Nikola struck a key manufacturing pact with a top auto supplier, ramping up plans to bring its first fuel-cell electric vehicles to market.",
      "guid": "1efd412c-2432-38db-b9be-0f4681bca0b4",
      "link": "https://finance.yahoo.com/m/1efd412c-2432-38db-b9be-0f4681bca0b4/nikola-teams-up-with-global.html?.tsrc=rss",
      "pubDate": "Thu, 02 Sep 2021 14:57:35 +0000",
      "title": "Nikola Teams Up With Global Auto Supplier On Fuel Cells To Take On Tesla"
    }
  ],
  "language": "en-US",
  "lastBuildDate": "Thu, 02 Sep 2021 19:29:23 +0000"
}
